,aa_seq,aa_len,AMP
LL-37,LLGDFFRKSKEKIGKEFKRIVQRIKDFLRNLVPRTES ,38,TRUE
Pleurocidin,GWGSFFKKAAHVGKHVGKAALTHYL,25,TRUE
Dermaseptin,ALWKTMLKKLGTMALHAGKAALGAAADTISQGTQ,34,TRUE
Crotalicidin,KRFKKFFKKVKKSVKKRLKKIFKKPMVIGVTIPF,34,TRUE
Melittin,GIGAVLKVLTTGLPALISWIKRKRQQ,26,TRUE
hECP30,RPFTRAQWFAIQHISPRTIAMRAINNYRWR,30,TRUE
HBP-1,RWHLTHRPKTGYIRVLVH,18,TRUE
HBP-3,FRFKRKLPKYLLF,13,TRUE
HBP-4,GWKDKKSYRWFLQHRPQVGYIRVRFY,26,TRUE
HBP-5,HNLFRKLTHRLFRRNFGYTLRSV,23,TRUE
Acaloleptin,AGWSKVVRGPNKAKPTWHIGGTHRW,25,TRUE
Coleoptericin,HDFNAGWGKVIRGPNKAKPTWHVGGTYRR,29,TRUE
Helveticin J,YQAVVQKGNVGSKYVYGLQLRKGATTI,27,TRUE
AceAMP 1,LRFVNTRNLRRAAsRsLVGVVNRN,24,TRUE
15 kDa Protein A ,RISRGAFVRRRWVRALTLRS,20,TRUE
Cytoinsectotoxin,AMSKKQIRLYLLKYYGKKALQKA,23,TRUE
1,KESRAKKFQRQHMDSDSSPSSSSTYSNQMMRRRNMTQGRSKPVNTFVH,48,TRUE
2,RPPQFTRAQWFAIQHISLNPPRSTIAMRAINNYRWRSKNQNTFL,44,TRUE
3,QDGMYQRFLRQHVHPEETGGSDRYSNLMMQRRKMTLYHSKRFNTFIH,47,TRUE
4,WPKRLTKAHWFEIQHIQPSPLQSNRAMSGINNYTQHSKHQNTFLH,45,TRUE
5,KPKGMTSSQWFKIQHMQPSPQASNSAMKNINKHTKRSKDLNTFLH,45,TRUE
Pexiganan (MSI-78),GIGKFLKKAKKFGKAFVKILKK,22,TRUE
C16G2,TFFRLFNRSFTQALGKGGGKNLRIIRKGIHIIKKY,35,TRUE
D2A21,FAKKFAKKFKKFAKKFAKFAFAF,23,TRUE
PAC113,AKRHHGYKRKFH,12,TRUE
CAP18,GLRKRLRKFRNKIKEKLKKIGQKIQGLLPKLAPRTDY,37,TRUE
IMX942 (IDR-1),KSRIVPAIPVSLL,13,TRUE
OP-145 (LL-37 derivative),IGKEFKRIVERIKRFLRELVRPLR,24,TRUE
Dusquetide(SGX942),RIVPA,5,TRUE
Omiganan (CLS001),ILRWPWWPWRRK,12,TRUE
Magainin I,GIGKFLHSAKKFGKAFVGEIMKS,23,TRUE
Magainin II,GIGKFLHSAKKFGKAFVGEIMNS,23,TRUE
Indolicidin,ILPWKWPWWPWRR,13,TRUE
Bac5,RFRPPIRRPPIRPPFYPPFRPPIRPPIFPPIRPPFRPPLGPFP,43,TRUE
PR39,RRRPRPPYLPRPRPPPFFPPRLPPRIPPGFPPRFPPRFP,39,TRUE
PGLA,GMASKAGAIAGKIAKVALKAK,21,TRUE
Syphaxin(SPX1-22),GVLDILKGAAKDLAGHVATKVINKI,25,TRUE
Bac8c,RIWVIWRR,8,TRUE
Temporin10a,FLPLASLFSRLL,12,TRUE
Temporin L,FVQWFSKFLGRIL,13,TRUE
Cecropin,KWKVFKKIEKMGRNIRNGIVKAGPAIAVLGEAKAL,35,TRUE
Apidaecin IB,GNNRPVYIPQPRPPHPRL,18,TRUE
Epinecidin-1,GFIFHIIKGLFHAGKMIHGLV,21,TRUE
Misgurin,RQRVEELSKFSKKGAAARRRK,21,TRUE
Chrysophin,FFGWLIKGAIHAGKAIHG,18,TRUE
Myxinidin,GIHDILKYGKPS,12,TRUE
Dicentracin,FFHHIFRGIVHVGKSIHKLVTG,22,TRUE
Gaduscidin,FIHHIIGWISHGVRAIHRAIH,21,TRUE
Anoplin,GLLKRIKTLL,10,TRUE
MBI 29 A1,KWKSFIKKLTSVLKKVVTTALPALIS,26,TRUE
Cyanophlyctin,FLNALKNFAKTAGKRLKSLLN,21,TRUE
hLF1-11,GRRRRSVQWCA,11,TRUE
Ctn (15-34),KKRLKKIFKKPMVIGVTIPF,20,TRUE
Citropin 1.1,GLFDVIKKVASVIGGL,16,TRUE
CPF-ST3,GLLGPLLKIAAKVGSNLL,18,TRUE
GF-17,GFKRIVQRIKDFLRNLV,17,TRUE
NRC-16,GWKKWLRKGAKHLGQAAIK,19,TRUE
GNU6,RIIRPIIQIIKQKIR,15,TRUE
Ascaphin-8,GFKDLLKGAAKALVKTVLF,19,TRUE
Ctriporin,FLWGLIPGAISAVTSLIKK,19,TRUE
BmKn2,FIGAIARLLSKIF,13,TRUE
Bicarinalin,KIKIPWGKVKDFLVGGMKAV,20,TRUE
GNU7,RLLRPLLQLLKQKLR,15,TRUE
Scolopendin 2,AGLQFPVGRIGRLLRK,16,TRUE
K11,KWKSFIKKLTKKFLHSAKKF,20,TRUE
Piscidin 1 ,FFHHIFRGIVHVGKTIHRLVTG,22,TRUE
Moronecidin,FFHHIFRGIVHVGKTIHRLVTGG,23,TRUE
Histatin 5,DSHAKRHHGYKRKFHEKHHSHRGY,24,TRUE
Eumenitin,LNLKGIFKKVASLLT ,16,TRUE
KR-12,KRIVQRIKDFLR,12,TRUE
T7 Novispirin,KNLRRITRKIIHIIKKYG,18,TRUE
Bombinin-H5,IIGPVLGLVGSALGGLLKKI,20,TRUE
TP1-1,FKWKSVLKGVKGFVKGYF,18,TRUE
Plantaricin A,KSSAYSLQMGATAIKQVKKLFKKWGW,26,TRUE
Bombinin-like peptide 1,GIGASILSAGKSALKGLAKGLAEHFAN,27,TRUE
Maximin 1 ,GIGTKILGGVKTALKGALKELASTYAN,27,TRUE
SMAP-29,RGLRRLGRKIAHGVKKYGPTVLRIIRIAG,29,TRUE
Clavanin A,GMASKAGAIAGKIAKVALKAL,21,TRUE
Chrysophsin-1,VFQFLGKIIHHVGNFVHGFSHVF,23,TRUE
BMAP-28,FFGWLIKGAIHAGKAIHGLIHRRRH,25,TRUE
PMAP-23,GGLRSLGRKILRAWKKYGPIIVPIIRIG,28,TRUE
Ponericin L1,RIIDLLWRVRRPQKPKFVTVWVR,23,TRUE
Spinigerin,LLKELWTKMKGAGKAVLGKIKGLL,24,TRUE
Pandinin 2,HVDKKVADKVLLLKQLRIMRLLTRL,25,TRUE
NRC-07,FWGALAKGALKLIPSLFSSFSKKD,24,TRUE
Latarcin 2a,RWGKWFKKATHVGKHVGKAALTAYL,25,TRUE
Scolopin 1,GLFGKLIKKFGRKAISYAVKKARGKH,26,TRUE
Scolopin 2,FLPKMSTKLRVPYRRGTKDYH,21,TRUE
PP13,GILKKFMLHRGTKVYKMRTLSKRSH,25,TRUE
Ci-MAM-A24 ,GAARKSIRLHRLYTWKATIYTR,22,TRUE
Pc-CATH1,WRSLGRTLLRLSHALKPLARRSGW,24,TRUE
cc-CATH3,RIKRFWPVVIRTVVAGYNLYRAIKKK,26,TRUE
Peptide VR-23,RVRRFWPLVPVAINTVAAGINLYKAIRRK,29,TRUE
Trichoplaxin,VIGSILGALASGLPTLISWIKNR,23,TRUE
ModoCath4,FFGRLKSVWSAVKHGWKAAKSR,22,TRUE
ModoCath5,SKTKRRSLLKRLGDGIRGFWNGFRGRK,27,TRUE
As-CATH8,WYQLIRTFGNLIHQKYRKLLEAYRKLRD,28,TRUE
Gg-CATH5,KRVNWAKVGRTALKLLPYIFG,21,TRUE
CPF-St4,TRRKWWKKVLNGAIKIAPYILD,22,TRUE
BTM-P1,SLFGTFAKMALKGASKLIPHLLPSRQQ,27,TRUE
AP03025,VAPIAKYLATALAKWALKQGFAKLKS,26,TRUE
AP02038,FLRSLLRGAKAIYRGARAGWRG,22,TRUE
Im5,FLGLIFHGLVHAGKLIHGLIHRNR,24,TRUE
Ascaphin-8 (frog),FLGSLFSIGSKLLPGVIKLFQRKKQ,25,TRUE
Phylloxin-B1,GWMSKIASGIGTFLSGMQQ,19,TRUE
DASamP2,IKWKKLLRAAKRIL,14,TRUE
Neuprex (rBPI21),MKWKKLTSKF,10,TRUE
Lycotoxin I (,IWLTALKFLGKHAAKHLAKQQLSKL,25,TRUE
Ceratotoxin A,SIGSALKKALPVAKKIGKIALPIAKAALP,29,TRUE
Ceratotoxin B,SIGTAVKKAVPIAKKVGKVAIPIAKAVLSVVGQLVG,36,TRUE
Melectin,GFLSILKKVLPKVMAHMK,18,TRUE
Piscidin 1,TRRKFWKKVLNGALKIAPFLLG,22,TRUE
B_P11487,GGAPRRRKLYSATKYHLQ,18,FALSE
B_Q9NQ76,GRKYHYVPHRQNNSTR,16,FALSE
B_O00634_2,YRISLKKFSKKDY,13,FALSE
C_P05120,AVYFKGKWKTPFEKKLNGL,19,FALSE
C_O15018,EKRRGGKKRKTHQGPVLD,18,FALSE
C_Q3ZCN5,ERISQKVIIKSV,12,FALSE
C_P14780,GKMLLFSGRRLWR,13,FALSE
C_P0DMV8,HKKDISQNKRAVRRLRTASER,21,FALSE
C_O15018,KSGPKLKRLSLK,12,FALSE
C_P51884,KGRVFSKLKQLKKLHINHN,19,FALSE
C_O15018,KKGKRTRKFGVISR,14,FALSE
C_P43235,KKTHRKQYNNKV,12,FALSE
C_Q3ZCN5,KLNVTTPIHKIIVNR,15,FALSE
C_O15018,LIMLRRFKHKAHSTYN,16,FALSE
C_P04628,LSRKQRRLIRQNPGI,15,FALSE
C_P20783,NRTSRRKRYAEHKSH,15,FALSE
C_P03956,QYKFDPKTKRILT,13,FALSE
C_Q17RW2,RAHRTRRGKVSPTAKTKSL,19,FALSE
C_P01344,RRGLPALLRARR,12,FALSE
C_Q3ZCN5,TIHIKVGPQWKNKL,14,FALSE
C_Q14623,VGSRRRPPRKLVPLAY,16,FALSE
C_Q8IUH2,VRRGRRPARPGTR,13,FALSE
C_P43235,YGIQKGNKHWIIKNSWGENWGN,22,FALSE
H_Q9UBX7,QRLRWLRDWKSS,12,FALSE
H_Q17RW2,VPLIRKKSLRRTLSERGLL,19,FALSE
H_P0DJD8,VGGLLFIVVVALGIGLFMRRRHIVRKRTLRRLLQE,35,FALSE
H_Q8IUH2,RFYKNWHKSKKKAFTKYSKKWQD,23,FALSE
N_Q0C,IGNKKGIFTRQRQPKTSAFILR,22,FALSE
N_P2,IGNKKGIFTRQRQPKTSAFILRERYWRIANET ,33,FALSE
O_P1,FKRVWTYFQRVLVKKYASERNG,22,FALSE
O_P1C,FDWDSVLKGVEGFVRGYF,18,FALSE
O_Q9,GECIWDAIFHGAKHFLHRLVNP,22,FALSE
TP1,FKWKSVLKIVDIFVDIYF,18,FALSE
TP2,KKCIAKAILKKADDLLDDLVNP,22,FALSE
TP1-7,FLQGIIDTVGKWL,13,FALSE
TP2-9,LWGALLGLGSTLLSKL,16,FALSE
VPCT-3,GATPEDLNQKLS,12,FALSE
VPCT-4,RLARIVPIRVAR,12,FALSE
Tet000,WNPFKELEKAGQRVRDAIISAKPAVDVVGQATAIIK,36,FALSE
Tet003,GNNRPVYIPQPRPPHPRI,18,FALSE
Mol 10,VFQFLGRIIHHVGNFVHGFSHVF,23,FALSE
Apidaecin IA,GLADFLNKAVGKVVDFVKS,19,FALSE
Clavanin-B (tunicate),GKPRPYSPRPTSHPRPIRV,19,FALSE
Desertcolin 1,RPKHPIKHQGLPQEVLNENLLRF,23,FALSE
Drosocin,SWKSMAKKLKEYMEKLKQRA,20,FALSE
Isracidin,VDKPDYRPRPRPPNM,15,FALSE
Latarcin 3a ,RQRVEELSKFSKKGAAARRRK,21,FALSE
Metalnikowin I,KGRGKQGGKVRAKAKTRSS,19,FALSE
Misgurin,GLNTLKKVFQGLHEAIKLINNHVQ,24,FALSE
Parasin I,HVDKKVADKVLLLKQLRIMRLLTRL,25,FALSE
Pseudin-1,GFGKAFHSVSNFAKKHKTA,19,FALSE
Spinigerin,QRFEWEFEQQ,10,FALSE
Styelin A,GLARIVVIRVAR,12,FALSE
p11,PDRAIDTYRTSPVADQRYNA ,21,FALSE
P7,YYNPLPHDSGRDNNTDISSR,20,FALSE
G1,EPCSPKNNYHDLFYRT,16,FALSE
C1,CNPLNGADRRTDSFPRFTVI,20,FALSE
P5,RVGGRVGGRVGGRVGGRVGG,20,FALSE
P17,WALRWALRWALRWALRWALR,20,FALSE
P18,FQWQRNMRKVR,11,FALSE
RVGG5,GVLSNVIGYLKKLGTGALNAVLKQ,24,FALSE
WALR5,FIQYLAPLIPHAVKAISDLI ,21,FALSE
HLP2,GIHDILKYGKPS,12,FALSE
Peptide PGQ,RLARIVVIRVAR,12,FALSE
Kassinatuerin,VDKGSYLPRPTPPRPIYNRN,20,FALSE
Myxinidin,SWLSKTAKKLENSAKKRISEGIAIAIQGGPR,31,FALSE
Bac2A ,HFKIRKRFVKKLV,13,FALSE
Metalnikowin,AKVLKISRRAFRK,13,FALSE
Pyrrhocoricin,NAMRGAKRVWRHI,13,FALSE
Cecropin P1,IRPAKLRWFKKIK,13,FALSE
SP13,VRNRVIARVGGVPYVGGPCYN,21,FALSE
SP10,VWNRVIARVGGVLYVGGPCTN,21,FALSE
SP7,MGYAWDLALRMGPYFLMDLIN,21,FALSE
SP5,VLKIHSWHNWVYGVMLYDMEY,21,FALSE
A12,RLGSFYPLLWRLVSHEYSLWH,21,FALSE
A35,MGLFRSYKYRFVHDSESSFN,20,FALSE
A47,SWGGGFYDWSYVGGGAYWAY,20,FALSE
A46,SGHMHSYWPTTWILVLIRRTY,21,FALSE
A43,RMESGAPLAAYGKMRLRPGTH,21,FALSE
A39,DRTTGRWFYIRRTAEVLGWTY,21,FALSE
A38,AGWVNALRMWSLMPLMWLWSY,21,FALSE
A36,FVQHWSFTAGSRSDRAPYPGH,21,FALSE
A34,VKGNPVFDHRHFSLWGALREY,21,FALSE
A31,HAWARWMGWGHGGVLSWALRY,21,FALSE
A30,GSGSAVGWALRSYASGLAIAY,21,FALSE
A29,WPNYQSREHMALRSRMYYYFY,21,FALSE
A28,ARMLWGRGTTLLLIRRRVSAY,21,FALSE
A26,ASSLVRFYSHGRGKRVGFLWY,21,FALSE
A25,PVLDAGSVYLGYLGVRFLSY,20,FALSE
A19,RVGALRYFMVWYLMWFFLLFH,21,FALSE
A17,DLAPVRVGFYNALRELRVFRY,21,FALSE
A13,WGRVDNSGSWGRVGAPWRYLH,21,FALSE
A11,GGVYASCASYLLALRSRVGGN,21,FALSE
A10,VWAWVFGASTRERARVGWQGY,21,FALSE
A9,RFRPKAVRYRIKFN,14,FALSE
A6,RSHFRRVKRHSKTP,14,FALSE
A4,KDVLRNHKHSDRVG,14,FALSE
A1,KSARKVLKLYRKIT,14,FALSE
B4,KGYFRGRRSYLRAF,14,FALSE
B5,KTDWFKVLMTFLMD,14,FALSE
B6,RGFVRLIKPYAEAS,14,FALSE
B7,KIPGRFTRAGRKTT,14,FALSE
B9,KSDHKVLKNLPKTI,14,FALSE
B13,RRTGRIDKVSVKAY,14,FALSE
B14,KVGLIVDKASVKTA,14,FALSE
B16,RFVSKGTDAINRRS,14,FALSE
B17,KGGGKVGKHTRSR,13,FALSE
B18,RAAIRHFRSATKRP,14,FALSE
B23,KGAFRLAKVLIRHY,14,FALSE
B25,KTSWVRAAALVVVH,14,FALSE
B28,KSVNKDVRISLRD,13,FALSE